place_id,city_slug,category_slug,name,description,address,schedule,image,rating,phone,website,maps_url
"la-tour","baia-mare","restaurante","La Tour","Restaurant elegant, bun pentru cină și ocazii speciale.","Strada Victoriei 10, Baia Mare","10:00 - 22:00","/images/place-placeholder.jpg","4.6","0740 123 456","https://latour.ro","https://maps.google.com/?q=La+Tour+Baia+Mare"
"pressco-restaurant","baia-mare","restaurante","Pressco","Meniu variat și servire rapidă, potrivit pentru prânz.","Bulevardul Regele Mihai I 2, Baia Mare","07:30 - 17:00","/images/place-placeholder.jpg","4.4","0751 900 926","https://pressco.ro","https://maps.google.com/?q=Pressco+Baia+Mare"
"millennium","baia-mare","restaurante","Millennium","Restaurant cunoscut local, cu atmosferă relaxată.","Centru Vechi, Baia Mare","10:00 - 22:00","/images/place-placeholder.jpg","4.3","0745 345 678","https://millennium.ro","https://maps.google.com/?q=Millennium+Baia+Mare"
"lulivo","baia-mare","restaurante","L'ulivo","Specific italian, apreciat pentru paste și pizza.","Bulevardul București, Baia Mare","12:00 - 23:00","/images/place-placeholder.jpg","4.6","0742 211 221","https://www.facebook.com/lulivobaiamare","https://maps.google.com/?q=L%27ulivo+Baia+Mare"
"budapesta","baia-mare","restaurante","Restaurant Budapesta","Preparatele tradiționale și porțiile mari îl fac foarte popular.","Strada Vasile Alecsandri, Baia Mare","10:00 - 22:00","/images/place-placeholder.jpg","4.5","0262 214 444","https://www.facebook.com/restaurantbudapestabm","https://maps.google.com/?q=Restaurant+Budapesta+Baia+Mare"
"rox-specialty","baia-mare","cafenele","Rox - Specialty Coffee","Cafea de specialitate și atmosferă modernă, foarte bine evaluată.","Strada Culturii 9, Baia Mare","L-V 07:00 - 18:00, S-D 08:00 - 16:00","/images/place-placeholder.jpg","4.9","0772 057 313","https://europeancoffeetrip.com/cafe/roxspecialtycoffee-baiamare/","https://maps.google.com/?q=Rox+Specialty+Coffee+Baia+Mare"
"code-coffee","baia-mare","cafenele","Code Coffee Shop & Roastery","Spațiu friendly pentru cafea bună, lucru și întâlniri.","Strada Progresului 58-60, Baia Mare","L-V 07:30 - 19:30, S-D 08:30 - 18:00","/images/place-placeholder.jpg","4.8","0752 210 315","https://europeancoffeetrip.com/cafe/codecoffeeshop-baiamare/","https://maps.google.com/?q=Code+Coffee+Shop+Baia+Mare"
"narcoffee","baia-mare","cafenele","Narcoffee Roasters","Loc apreciat pentru cafea bună și atmosferă calmă.","Bd. București 12, Baia Mare","08:00 - 20:00","/images/place-placeholder.jpg","4.5","0740 123 457","https://narcoffee.ro","https://maps.google.com/?q=Narcoffee+Baia+Mare"
"pressco-cafe","baia-mare","cafenele","Pressco Cafe","Cafenea centrală potrivită pentru mic dejun și coffee break.","Bulevardul Regele Mihai I 2, Baia Mare","07:30 - 17:00","/images/place-placeholder.jpg","4.7","0751 900 926","https://pressco.ro","https://maps.google.com/?q=Pressco+Cafe+Baia+Mare"
"log-out","baia-mare","cafenele","Log Out","Cafenea casual, bună pentru socializare.","Centru, Baia Mare","09:00 - 22:00","/images/place-placeholder.jpg","4.6","0741 124 555","https://www.facebook.com/logoutbaiamare","https://maps.google.com/?q=Log+Out+Baia+Mare"
"primaria-baia-mare","baia-mare","institutii","Primăria Baia Mare","Instituția principală de administrație locală.","Strada Gheorghe Șincai 37, Baia Mare","L-J 08:00 - 16:30, V 08:00 - 14:00","/images/place-placeholder.jpg","4","0262 211 001","https://www.baiamare.ro","https://maps.google.com/?q=Primaria+Baia+Mare"
"judecatoria-baia-mare","baia-mare","institutii","Judecătoria Baia Mare","Instanță locală cu servicii de registratură și arhivă.","Bd. Republicii 2A, Baia Mare","L-V 08:00 - 12:00","/images/place-placeholder.jpg","4.4","0262 218 235","https://portal.just.ro/182/","https://maps.google.com/?q=Judecatoria+Baia+Mare"
"consiliul-judetean-maramures","baia-mare","institutii","Consiliul Județean Maramureș","Instituție administrativă județeană.","Strada Gheorghe Șincai 46, Baia Mare","L-J 08:00 - 16:30, V 08:00 - 14:00","/images/place-placeholder.jpg","4.3","0262 212 110","https://www.cjmaramures.ro","https://maps.google.com/?q=Consiliul+Judetean+Maramures+Baia+Mare"
"ditl-baia-mare","baia-mare","institutii","Direcția Impozite și Taxe Locale","Plăți, taxe locale și informații pentru contribuabili.","Strada Crișan 2, Baia Mare","L-J 08:30 - 16:30, V 08:30 - 14:00","/images/place-placeholder.jpg","4.2","0262 211 001","https://www.baiamare.ro","https://maps.google.com/?q=Directia+Impozite+Taxe+Baia+Mare"
"spitalul-judetean-baia-mare","baia-mare","institutii","Spitalul Județean de Urgență","Spitalul principal al orașului cu servicii de urgență.","Strada George Coșbuc 31, Baia Mare","Non-stop (UPU)","/images/place-placeholder.jpg","4.1","0262 205 100","https://www.spitaljbm.ro","https://maps.google.com/?q=Spitalul+Judetean+Baia+Mare"
"teatrul-municipal-bm","baia-mare","cultural","Teatrul Municipal Baia Mare","Instituție culturală cu spectacole de teatru și festivaluri.","Strada Crișan 8, Baia Mare","Program în funcție de spectacole","/images/place-placeholder.jpg","4.7","0262 211 124","http://teatrulbm.ro","https://maps.google.com/?q=Teatrul+Municipal+Baia+Mare"
"muzeul-arta-bm","baia-mare","cultural","Muzeul de Artă Baia Mare","Muzeu important pentru arta locală și contemporană.","Strada 1 Mai 8, Baia Mare","Ma-D 10:00 - 17:00","/images/place-placeholder.jpg","4.7","0262 213 964","https://muzartbm.ro","https://maps.google.com/?q=Muzeul+de+Arta+Baia+Mare"
"muzeul-satului-bm","baia-mare","cultural","Muzeul Satului Baia Mare","Muzeu etnografic în aer liber cu arhitectură tradițională.","Strada Dealul Florilor 1, Baia Mare","10:00 - 18:00","/images/place-placeholder.jpg","4.7","0262 276 895","https://muzeummm.ro","https://maps.google.com/?q=Muzeul+Satului+Baia+Mare"
"colonia-pictorilor-bm","baia-mare","cultural","Colonia Pictorilor","Spațiu dedicat expozițiilor și atelierelor artistice.","Strada Victoriei 21, Baia Mare","10:00 - 18:00","/images/place-placeholder.jpg","4.6","0262 213 321","https://www.facebook.com/coloniapictorilor","https://maps.google.com/?q=Colonia+Pictorilor+Baia+Mare"
"bastionul-macelarilor-bm","baia-mare","cultural","Bastionul Măcelarilor","Obiectiv istoric folosit și pentru evenimente culturale.","Centru Vechi, Baia Mare","10:00 - 19:00","/images/place-placeholder.jpg","4.5","0262 211 001","https://www.baiamare.ro","https://maps.google.com/?q=Bastionul+Macelarilor+Baia+Mare"
"festivalul-castanelor-bm","baia-mare","evenimente","Festivalul Castanelor","Festival local foarte popular cu concerte și activități publice.","Zona centrală, Baia Mare","Sezonier","/images/place-placeholder.jpg","4.7","0262 211 001","https://www.baiamare.ro","https://maps.google.com/?q=Festivalul+Castanelor+Baia+Mare"
"sala-lascar-pana-bm","baia-mare","evenimente","Sala Sporturilor Lascăr Pană","Arenă pentru sport și evenimente indoor.","Bd. Unirii 14A, Baia Mare","Program variabil","/images/place-placeholder.jpg","4.6","0262 221 221","https://csnlascarpana.ro","https://maps.google.com/?q=Sala+Sporturilor+Lascar+Pana+Baia+Mare"
"teatrul-evenimente-bm","baia-mare","evenimente","Teatrul Municipal (Evenimente)","Premiere, spectacole și evenimente culturale recurente.","Strada Crișan 8, Baia Mare","Program variabil","/images/place-placeholder.jpg","4.7","0262 211 124","http://teatrulbm.ro","https://maps.google.com/?q=Teatrul+Municipal+Baia+Mare"
"piata-libertatii-bm","baia-mare","evenimente","Piața Libertății","Piață centrală pentru târguri și activări urbane.","Centrul Vechi, Baia Mare","Program variabil","/images/place-placeholder.jpg","4.5","0262 211 001","https://www.baiamare.ro","https://maps.google.com/?q=Piata+Libertatii+Baia+Mare"
"colonie-events-bm","baia-mare","evenimente","Colonia Pictorilor (Events)","Vernisaje, ateliere și evenimente creative.","Strada Victoriei 21, Baia Mare","Program variabil","/images/place-placeholder.jpg","4.6","0262 213 321","https://www.facebook.com/coloniapictorilor","https://maps.google.com/?q=Colonia+Pictorilor+Baia+Mare"
"baracca-cluj","cluj-napoca","restaurante","Baracca","Fine dining foarte apreciat pentru plating și servicii.","Strada Napoca 8A, Cluj-Napoca","12:00 - 23:00","/images/place-placeholder.jpg","4.8","0364 730 615","https://baracca.ro","https://maps.google.com/?q=Baracca+Cluj"
"roata-cluj","cluj-napoca","restaurante","Roata","Mâncare tradițională românească, populară printre turiști.","Strada Alexandru Ciurea 6, Cluj-Napoca","10:00 - 23:00","/images/place-placeholder.jpg","4.7","0264 592 022","https://www.facebook.com/roatacluj","https://maps.google.com/?q=Roata+Cluj"
"samsara-foodhouse","cluj-napoca","restaurante","Samsara Foodhouse","Restaurant vegetarian cu atmosferă elegantă.","Strada Cardinal Iuliu Hossu 3, Cluj-Napoca","12:00 - 22:00","/images/place-placeholder.jpg","4.6","0364 730 746","https://samsara.ro","https://maps.google.com/?q=Samsara+Foodhouse+Cluj"
"marty-cluj","cluj-napoca","restaurante","Marty Plaza","Restaurant central, meniu variat și servire rapidă.","Strada Regele Ferdinand 22-26, Cluj-Napoca","09:00 - 00:00","/images/place-placeholder.jpg","4.5","0364 401 677","https://martyrestaurants.ro","https://maps.google.com/?q=Marty+Cluj"
"via-cluj","cluj-napoca","restaurante","Via Restaurant","Restaurant premium, ideal pentru cine speciale.","Strada Inocențiu Micu Klein 6, Cluj-Napoca","12:00 - 23:00","/images/place-placeholder.jpg","4.6","0364 730 780","https://viarestaurant.ro","https://maps.google.com/?q=Via+Restaurant+Cluj"
"meron-central","cluj-napoca","cafenele","Meron","Cafenea specializată în coffee specialty și brunch.","Bd. Eroilor 5, Cluj-Napoca","08:00 - 20:00","/images/place-placeholder.jpg","4.7","0740 203 300","https://meron.coffee","https://maps.google.com/?q=Meron+Cluj"
"narcoffee-cluj","cluj-napoca","cafenele","Narcoffee Roasters","Cafea de specialitate cu spațiu modern.","Strada Napoca 8A, Cluj-Napoca","08:00 - 20:00","/images/place-placeholder.jpg","4.6","0753 128 128","https://narcoffee.ro","https://maps.google.com/?q=Narcoffee+Cluj"
"yume-cluj","cluj-napoca","cafenele","Yume Coffee Roasters","Loc cunoscut pentru cafea filtrată și espresso excelent.","Strada Samuil Micu 16, Cluj-Napoca","08:00 - 19:00","/images/place-placeholder.jpg","4.8","0749 280 321","https://www.instagram.com/yumecoffeeroasters","https://maps.google.com/?q=Yume+Coffee+Cluj"
"olivo-cluj","cluj-napoca","cafenele","Olivo Coffee Culture","Cafea bună și locație centrală, foarte populară.","Bd. Eroilor 7, Cluj-Napoca","08:00 - 22:00","/images/place-placeholder.jpg","4.6","0264 590 705","https://olivo.ro","https://maps.google.com/?q=Olivo+Cluj"
"lets-coffee-cluj","cluj-napoca","cafenele","Let's Coffee","Cafenea urbană, potrivită pentru întâlniri rapide.","Strada Memorandumului 3, Cluj-Napoca","08:00 - 19:00","/images/place-placeholder.jpg","4.5","0743 122 500","https://www.facebook.com/letscoffeecluj","https://maps.google.com/?q=Lets+Coffee+Cluj"
"primaria-cluj","cluj-napoca","institutii","Primăria Cluj-Napoca","Administrația locală a municipiului Cluj-Napoca.","Calea Moților 3, Cluj-Napoca","L-J 08:30 - 16:30, V 08:30 - 14:00","/images/place-placeholder.jpg","4.3","0264 596 030","https://primariaclujnapoca.ro","https://maps.google.com/?q=Primaria+Cluj-Napoca"
"prefectura-cluj","cluj-napoca","institutii","Instituția Prefectului Cluj","Instituție publică pentru servicii administrative județene.","Bd. 21 Decembrie 1989 58, Cluj-Napoca","L-V 08:30 - 16:30","/images/place-placeholder.jpg","4.2","0264 503 300","https://cj.prefectura.mai.gov.ro","https://maps.google.com/?q=Prefectura+Cluj"
"consiliul-judetean-cluj","cluj-napoca","institutii","Consiliul Județean Cluj","Coordonează proiecte și servicii la nivel de județ.","Calea Dorobanților 106, Cluj-Napoca","L-J 08:00 - 16:30, V 08:00 - 14:00","/images/place-placeholder.jpg","4.2","0264 431 550","https://cjcluj.ro","https://maps.google.com/?q=Consiliul+Judetean+Cluj"
"spitalul-judetean-cluj","cluj-napoca","institutii","Spitalul Clinic Județean Cluj","Unitate medicală majoră cu multiple specializări.","Strada Clinicilor 3-5, Cluj-Napoca","Non-stop (UPU)","/images/place-placeholder.jpg","4.2","0264 597 852","https://scjucluj.ro","https://maps.google.com/?q=Spitalul+Clinic+Judetean+Cluj"
"directia-taxe-cluj","cluj-napoca","institutii","Direcția Taxe și Impozite Cluj-Napoca","Plăți taxe locale și relații cu contribuabilii.","Piața Unirii 1, Cluj-Napoca","L-J 08:30 - 16:30, V 08:30 - 14:00","/images/place-placeholder.jpg","4.1","0264 596 030","https://primariaclujnapoca.ro","https://maps.google.com/?q=Taxe+si+Impozite+Cluj"
"teatrul-national-cluj","cluj-napoca","cultural","Teatrul Național Cluj-Napoca","Teatru emblematic cu repertoriu divers și producții mari.","Piața Ștefan cel Mare 2-4, Cluj-Napoca","Program spectacole","/images/place-placeholder.jpg","4.8","0264 592 771","https://www.teatrulnationalcluj.ro","https://maps.google.com/?q=Teatrul+National+Cluj"
"opera-romana-cluj","cluj-napoca","cultural","Opera Națională Română Cluj","Operă și balet în una dintre cele mai active instituții din țară.","Piața Ștefan cel Mare 2-4, Cluj-Napoca","Program spectacole","/images/place-placeholder.jpg","4.8","0264 595 366","https://www.operacluj.ro","https://maps.google.com/?q=Opera+Romana+Cluj"
"muzeul-arta-cluj","cluj-napoca","cultural","Muzeul de Artă Cluj-Napoca","Colecții de artă românească și europeană.","Piața Unirii 30, Cluj-Napoca","Ma-D 10:00 - 17:00","/images/place-placeholder.jpg","4.7","0264 596 952","https://www.macluj.ro","https://maps.google.com/?q=Muzeul+de+Arta+Cluj"
"muzeul-etnografic-cluj","cluj-napoca","cultural","Muzeul Etnografic al Transilvaniei","Patrimoniu etnografic bogat al regiunii.","Strada Memorandumului 21, Cluj-Napoca","Ma-D 10:00 - 18:00","/images/place-placeholder.jpg","4.7","0264 597 489","https://www.muzeul-etnografic.ro","https://maps.google.com/?q=Muzeul+Etnografic+Cluj"
"filarmonica-cluj","cluj-napoca","cultural","Filarmonica de Stat Transilvania","Concerte simfonice și evenimente muzicale premium.","Strada Emil Isac 19, Cluj-Napoca","Program concerte","/images/place-placeholder.jpg","4.8","0264 430 060","https://filarmonica-transilvania.ro","https://maps.google.com/?q=Filarmonica+Cluj"
"bt-arena-cluj","cluj-napoca","evenimente","BT Arena","Arenă majoră pentru concerte și competiții sportive.","Aleea Stadionului 4, Cluj-Napoca","Program variabil","/images/place-placeholder.jpg","4.7","0264 483 160","https://btarena.ro","https://maps.google.com/?q=BT+Arena+Cluj"
"cluj-arena","cluj-napoca","evenimente","Cluj Arena","Stadion modern pentru meciuri și evenimente mari.","Strada Stadionului 2, Cluj-Napoca","Program variabil","/images/place-placeholder.jpg","4.6","0264 450 654","https://clujarena.ro","https://maps.google.com/?q=Cluj+Arena"
"electric-castle","cluj-napoca","evenimente","Electric Castle","Festival internațional de muzică, foarte bine cotat.","Bonțida, Cluj","Sezonier","/images/place-placeholder.jpg","4.7","0364 730 000","https://electriccastle.ro","https://maps.google.com/?q=Electric+Castle"
"untold-festival","cluj-napoca","evenimente","UNTOLD Festival","Unul dintre cele mai mari festivaluri de muzică din Europa.","Cluj Arena, Cluj-Napoca","Sezonier","/images/place-placeholder.jpg","4.8","0731 000 000","https://untold.com","https://maps.google.com/?q=UNTOLD+Festival+Cluj"
"piata-unirii-events-cluj","cluj-napoca","evenimente","Piața Unirii (Evenimente)","Piață centrală folosită pentru târguri și evenimente urbane.","Piața Unirii, Cluj-Napoca","Program variabil","/images/place-placeholder.jpg","4.6","0264 596 030","https://primariaclujnapoca.ro","https://maps.google.com/?q=Piata+Unirii+Cluj"
"caru-cu-bere","bucuresti","restaurante","Caru' cu Bere","Restaurant istoric, foarte apreciat pentru atmosferă și meniu tradițional.","Strada Stavropoleos 5, București","08:00 - 00:00","/images/place-placeholder.jpg","4.6","0734 560 000","https://www.carucubere.ro","https://maps.google.com/?q=Caru+cu+Bere+Bucuresti"
"hanu-lui-manuc","bucuresti","restaurante","Hanul lui Manuc","Loc emblematic cu bucătărie românească și terasă mare.","Strada Franceză 62-64, București","10:00 - 00:00","/images/place-placeholder.jpg","4.6","021 335 9275","https://www.hanulluimanuc.ro","https://maps.google.com/?q=Hanul+lui+Manuc"
"kaiamo","bucuresti","restaurante","KAIAMO","Fine dining contemporan, bine cotat în ghiduri locale.","Strada Ermil Pangratti 30A, București","17:00 - 23:00","/images/place-placeholder.jpg","4.8","0723 138 111","https://kaiamo.ro","https://maps.google.com/?q=KAIAMO+Bucuresti"
"soro-lume","bucuresti","restaurante","Soro Lume","Meniu creativ reinterpretat din bucătăria românească.","Strada Fluierului 10, București","12:30 - 23:00","/images/place-placeholder.jpg","4.7","0740 091 239","https://sorolume.ro","https://maps.google.com/?q=Soro+Lume+Bucuresti"
"lacrimi-si-sfinti","bucuresti","restaurante","Lacrimi și Sfinți","Restaurant cu specific românesc și design autentic.","Strada Șepcari 16, București","12:00 - 23:30","/images/place-placeholder.jpg","4.6","0741 222 233","https://www.facebook.com/lacrimisisfinti","https://maps.google.com/?q=Lacrimi+si+Sfinti+Bucuresti"
"origo","bucuresti","cafenele","Origo Coffee","Una dintre cele mai apreciate cafenele specialty din oraș.","Strada Lipscani 9, București","08:00 - 20:00","/images/place-placeholder.jpg","4.7","0766 555 988","https://www.facebook.com/origocoffee","https://maps.google.com/?q=Origo+Coffee+Bucuresti"
"sloane","bucuresti","cafenele","Sloane Coffee","Cafea de specialitate și atmosferă premium.","Strada C.A. Rosetti 17, București","08:00 - 20:00","/images/place-placeholder.jpg","4.7","0737 001 122","https://sloane.coffee","https://maps.google.com/?q=Sloane+Coffee+Bucuresti"
"m60","bucuresti","cafenele","M60","Cafea bună, brunch și spațiu modern.","Strada D.I. Mendeleev 2, București","08:00 - 22:00","/images/place-placeholder.jpg","4.6","0741 778 838","https://www.facebook.com/m60cafe","https://maps.google.com/?q=M60+Bucuresti"
"frudisiac","bucuresti","cafenele","Frudisiac","Brunch & coffee spot foarte popular în centru.","Strada Vasile Lascăr 48-50, București","08:00 - 18:00","/images/place-placeholder.jpg","4.6","0730 009 886","https://frudisiac.com","https://maps.google.com/?q=Frudisiac+Bucuresti"
"bob-coffee-lab","bucuresti","cafenele","BOB Coffee Lab","Specialty coffee și produse artizanale.","Strada Episcopiei 6, București","08:00 - 19:00","/images/place-placeholder.jpg","4.7","0724 430 111","https://www.facebook.com/bobcoffeelab","https://maps.google.com/?q=BOB+Coffee+Lab+Bucuresti"
"primaria-capitalei","bucuresti","institutii","Primăria Municipiului București","Instituția administrativă centrală a capitalei.","Bd. Regina Elisabeta 47, București","L-J 08:30 - 16:30, V 08:30 - 14:00","/images/place-placeholder.jpg","4.1","021 305 5500","https://www.pmb.ro","https://maps.google.com/?q=Primaria+Capitalei"
"prefectura-bucuresti","bucuresti","institutii","Prefectura Municipiului București","Servicii administrative și coordonare instituțională.","Bd. Regina Elisabeta 47, București","L-V 08:30 - 16:30","/images/place-placeholder.jpg","4.1","021 315 6565","https://b.prefectura.mai.gov.ro","https://maps.google.com/?q=Prefectura+Bucuresti"
"anaf-bucuresti","bucuresti","institutii","ANAF - DGRFP București","Servicii fiscale pentru persoane fizice și juridice.","Strada Lucrețiu Pătrășcanu 10, București","L-J 08:30 - 16:30, V 08:30 - 14:00","/images/place-placeholder.jpg","4","021 408 9150","https://www.anaf.ro","https://maps.google.com/?q=ANAF+Bucuresti"
"spitalul-universitar","bucuresti","institutii","Spitalul Universitar de Urgență","Spital universitar major cu servicii de urgență.","Splaiul Independenței 169, București","Non-stop (UPU)","/images/place-placeholder.jpg","4.2","021 318 0500","https://www.suub.ro","https://maps.google.com/?q=Spitalul+Universitar+Bucuresti"
"directia-taxe-bucuresti","bucuresti","institutii","Direcția Impozite și Taxe Locale Sector 1","Plăți și administrare taxe locale.","Strada Grigore Alexandrescu 4, București","L-J 08:30 - 16:30, V 08:30 - 14:00","/images/place-placeholder.jpg","4","021 314 9090","https://www.impozitelocale1.ro","https://maps.google.com/?q=DITL+Sector+1+Bucuresti"
"teatrul-national-bucuresti","bucuresti","cultural","Teatrul Național I.L. Caragiale","Teatru de referință cu producții importante.","Bd. Nicolae Bălcescu 2, București","Program spectacole","/images/place-placeholder.jpg","4.8","021 314 7171","https://www.tnb.ro","https://maps.google.com/?q=Teatrul+National+Bucuresti"
"atheneul-roman","bucuresti","cultural","Ateneul Român","Clădire emblematică și sală de concerte a Filarmonicii.","Strada Benjamin Franklin 1-3, București","Program concerte","/images/place-placeholder.jpg","4.8","021 315 6875","https://www.fge.org.ro","https://maps.google.com/?q=Ateneul+Roman"
"mnar","bucuresti","cultural","Muzeul Național de Artă al României","Colecții naționale de artă veche și modernă.","Calea Victoriei 49-53, București","Ma-D 11:00 - 19:00","/images/place-placeholder.jpg","4.7","021 314 8119","https://www.mnar.arts.ro","https://maps.google.com/?q=MNAR+Bucuresti"
"muzeul-satului","bucuresti","cultural","Muzeul Național al Satului Dimitrie Gusti","Muzeu în aer liber cu patrimoniu etnografic românesc.","Șoseaua Kiseleff 28-30, București","09:00 - 19:00","/images/place-placeholder.jpg","4.8","021 317 9103","https://muzeul-satului.ro","https://maps.google.com/?q=Muzeul+Satului+Bucuresti"
"opera-nationala-bucuresti","bucuresti","cultural","Opera Națională București","Spectacole de operă și balet cu distribuții de top.","Bd. Mihail Kogălniceanu 70-72, București","Program spectacole","/images/place-placeholder.jpg","4.7","021 314 6980","https://operanb.ro","https://maps.google.com/?q=Opera+Nationala+Bucuresti"
"arena-nationala","bucuresti","evenimente","Arena Națională","Stadion mare pentru meciuri și concerte.","Bd. Basarabia 37-39, București","Program variabil","/images/place-placeholder.jpg","4.6","021 318 5200","https://www.arenanationala.ro","https://maps.google.com/?q=Arena+Nationala"
"romexpo","bucuresti","evenimente","ROMEXPO","Complex expozițional pentru târguri și conferințe.","Bd. Mărăști 65-67, București","Program variabil","/images/place-placeholder.jpg","4.5","021 207 7000","https://romexpo.ro","https://maps.google.com/?q=Romexpo+Bucuresti"
"sala-palatului","bucuresti","evenimente","Sala Palatului","Evenimente mari, concerte și spectacole.","Strada Ion Câmpineanu 28, București","Program variabil","/images/place-placeholder.jpg","4.6","021 315 5310","https://salapalatului.ro","https://maps.google.com/?q=Sala+Palatului+Bucuresti"
"beraria-h","bucuresti","evenimente","Berăria H","Locație mare de concerte și evenimente live.","Șoseaua Kiseleff 32, București","Program variabil","/images/place-placeholder.jpg","4.5","0725 345 345","https://berariah.ro","https://maps.google.com/?q=Beraria+H+Bucuresti"
"piata-constitutiei-events","bucuresti","evenimente","Piața Constituției (Evenimente)","Spațiu urban pentru festivaluri, târguri și concerte.","Piața Constituției, București","Program variabil","/images/place-placeholder.jpg","4.6","021 305 5500","https://www.pmb.ro","https://maps.google.com/?q=Piata+Constitutiei+Bucuresti"
"ristorante-corsarul","oradea","restaurante","Ristorante Corsarul","Restaurant apreciat pentru preparate mediteraneene.","Calea Republicii 1, Oradea","11:00 - 23:00","/images/place-placeholder.jpg","4.6","0756 789 100","https://www.facebook.com/ristorantecorsarul","https://maps.google.com/?q=Ristorante+Corsarul+Oradea"
"hanul-cu-noroc-oradea","oradea","restaurante","Hanul cu Noroc","Meniu românesc și atmosferă tradițională.","Strada Vasile Alecsandri 5, Oradea","10:00 - 23:00","/images/place-placeholder.jpg","4.5","0752 338 800","https://www.facebook.com/hanulcunorocoradea","https://maps.google.com/?q=Hanul+cu+Noroc+Oradea"
"via29","oradea","restaurante","Via29","Restaurant modern, cunoscut pentru plating și gust.","Strada Aurel Lazăr 1, Oradea","12:00 - 23:00","/images/place-placeholder.jpg","4.6","0733 555 229","https://www.facebook.com/via29oradea","https://maps.google.com/?q=Via29+Oradea"
"better-food","oradea","restaurante","Better Food","Restaurant casual cu opțiuni fresh și rapide.","Piața Unirii 2, Oradea","09:00 - 22:00","/images/place-placeholder.jpg","4.5","0747 889 991","https://www.facebook.com/betterfoodoradea","https://maps.google.com/?q=Better+Food+Oradea"
"piata9","oradea","restaurante","Piata9","Meniu urban, apreciat de localnici și turiști.","Strada Primăriei 4, Oradea","09:00 - 23:00","/images/place-placeholder.jpg","4.6","0770 309 009","https://www.facebook.com/piata9oradea","https://maps.google.com/?q=Piata9+Oradea"
"street-coffee-roasters","oradea","cafenele","Street Coffee Roasters","Cafea de specialitate și ambient relaxat.","Strada Republicii 15, Oradea","08:00 - 19:00","/images/place-placeholder.jpg","4.7","0741 500 333","https://www.facebook.com/streetcoffeeroasters","https://maps.google.com/?q=Street+Coffee+Roasters+Oradea"
"rivo-cafe","oradea","cafenele","Rivo Cafe","Cafenea centrală, bună pentru întâlniri și lucru.","Piața Unirii 5, Oradea","08:00 - 22:00","/images/place-placeholder.jpg","4.6","0259 430 700","https://www.facebook.com/rivocafeoradea","https://maps.google.com/?q=Rivo+Cafe+Oradea"
"meron-oradea","oradea","cafenele","Meron Oradea","Specialty coffee, setup modern și personal bun.","Strada Alecsandri 7, Oradea","08:00 - 20:00","/images/place-placeholder.jpg","4.7","0731 101 201","https://meron.coffee","https://maps.google.com/?q=Meron+Oradea"
"dock-cafe","oradea","cafenele","Dock Specialty Coffee","Cafea de origine și deserturi de casă.","Strada Aurel Lazăr 3, Oradea","08:00 - 19:00","/images/place-placeholder.jpg","4.6","0748 606 300","https://www.facebook.com/dockspecialtycoffee","https://maps.google.com/?q=Dock+Specialty+Coffee+Oradea"
"moszkva-cafe","oradea","cafenele","Moszkva Cafe","Cafenea cu design retro și meniu variat.","Strada Republicii 11, Oradea","09:00 - 22:00","/images/place-placeholder.jpg","4.5","0743 212 889","https://www.facebook.com/moszkvacafeoradea","https://maps.google.com/?q=Moszkva+Cafe+Oradea"
"primaria-oradea","oradea","institutii","Primăria Oradea","Administrația locală a municipiului Oradea.","Piața Unirii 1, Oradea","L-J 08:00 - 16:30, V 08:00 - 14:00","/images/place-placeholder.jpg","4.4","0259 437 000","https://oradea.ro","https://maps.google.com/?q=Primaria+Oradea"
"consiliul-judetean-bihor","oradea","institutii","Consiliul Județean Bihor","Instituție administrativă la nivel de județ.","Parcul Traian 5, Oradea","L-J 08:00 - 16:30, V 08:00 - 14:00","/images/place-placeholder.jpg","4.2","0259 403 200","https://www.cjbihor.ro","https://maps.google.com/?q=Consiliul+Judetean+Bihor"
"prefectura-bihor","oradea","institutii","Prefectura Bihor","Instituția prefectului pentru servicii administrative.","Parcul Traian 5, Oradea","L-V 08:30 - 16:30","/images/place-placeholder.jpg","4.1","0259 412 766","https://bh.prefectura.mai.gov.ro","https://maps.google.com/?q=Prefectura+Bihor"
"spitalul-judetean-oradea","oradea","institutii","Spitalul Clinic Județean Oradea","Spital județean cu servicii medicale complexe.","Strada Gheorghe Doja 65, Oradea","Non-stop (UPU)","/images/place-placeholder.jpg","4.2","0259 414 931","https://www.spitaljudetean-oradea.ro","https://maps.google.com/?q=Spitalul+Judetean+Oradea"
"taxe-impozite-oradea","oradea","institutii","Direcția Taxe și Impozite Oradea","Servicii de taxe locale pentru cetățeni și firme.","Piața Unirii 1, Oradea","L-J 08:00 - 16:30, V 08:00 - 14:00","/images/place-placeholder.jpg","4.1","0259 437 000","https://oradea.ro","https://maps.google.com/?q=Taxe+si+Impozite+Oradea"
"teatrul-regina-maria","oradea","cultural","Teatrul Regina Maria","Instituție de spectacol importantă în vestul țării.","Piața Ferdinand 4-6, Oradea","Program spectacole","/images/place-placeholder.jpg","4.8","0259 440 742","https://www.teatrulreginamaria.ro","https://maps.google.com/?q=Teatrul+Regina+Maria+Oradea"
"filarmonica-oradea","oradea","cultural","Filarmonica de Stat Oradea","Concerte simfonice și evenimente muzicale.","Strada Moscovei 5, Oradea","Program concerte","/images/place-placeholder.jpg","4.7","0259 430 853","https://www.filarmonicaoradea.ro","https://maps.google.com/?q=Filarmonica+Oradea"
"muzeul-tarii-crisurilor","oradea","cultural","Muzeul Țării Crișurilor","Muzeu complex cu secții de istorie, artă și științe.","Strada Armatei Române 1/A, Oradea","Ma-D 10:00 - 18:00","/images/place-placeholder.jpg","4.7","0259 479 336","https://muzeulcrisurilor.ro","https://maps.google.com/?q=Muzeul+Tarii+Crisurilor+Oradea"
"casa-darvas","oradea","cultural","Casa Darvas-La Roche","Muzeu Art Nouveau foarte apreciat de turiști.","Strada Iosif Vulcan 11, Oradea","Ma-D 10:00 - 18:00","/images/place-placeholder.jpg","4.7","0770 197 287","https://oradea.ro","https://maps.google.com/?q=Casa+Darvas+La+Roche+Oradea"
"teatrul-szigligeti","oradea","cultural","Teatrul Szigligeti","Teatru cu producții în limba maghiară și repertoriu variat.","Piața Ferdinand 4-6, Oradea","Program spectacole","/images/place-placeholder.jpg","4.6","0259 440 742","https://www.szigligeti.ro","https://maps.google.com/?q=Teatrul+Szigligeti+Oradea"
"oradea-arena","oradea","evenimente","Oradea Arena","Arenă modernă pentru sport și evenimente mari.","Strada Traian Blajovici 24, Oradea","Program variabil","/images/place-placeholder.jpg","4.7","0259 408 830","https://www.csmoradea.ro","https://maps.google.com/?q=Oradea+Arena"
"cetatea-oradea-events","oradea","evenimente","Cetatea Oradea (Evenimente)","Hub cultural cu festivaluri, târguri și expoziții.","Strada Griviței 13, Oradea","Program variabil","/images/place-placeholder.jpg","4.7","0259 478 191","https://www.cetateaoradea.ro","https://maps.google.com/?q=Cetatea+Oradea"
"piata-unirii-oradea-events","oradea","evenimente","Piața Unirii (Evenimente)","Evenimente urbane sezoniere în centrul orașului.","Piața Unirii, Oradea","Program variabil","/images/place-placeholder.jpg","4.6","0259 437 000","https://oradea.ro","https://maps.google.com/?q=Piata+Unirii+Oradea"
"teatrul-regina-maria-events","oradea","evenimente","Teatrul Regina Maria (Events)","Premiere și festivaluri de teatru pe parcursul anului.","Piața Ferdinand 4-6, Oradea","Program variabil","/images/place-placeholder.jpg","4.8","0259 440 742","https://www.teatrulreginamaria.ro","https://maps.google.com/?q=Teatrul+Regina+Maria+Oradea"
"nufarul-festival","oradea","evenimente","Festivaluri Nufărul (zona centrală)","Serii de evenimente locale cu muzică și activități stradale.","Zona centrală, Oradea","Sezonier","/images/place-placeholder.jpg","4.5","0259 437 000","https://oradea.ro","https://maps.google.com/?q=Evenimente+Oradea+Centru"
"locanda-del-corso","timisoara","restaurante","Locanda del Corso","Restaurant italian foarte bine evaluat, atmosferă elegantă.","Strada Augustin Pacha 8, Timișoara","12:00 - 23:00","/images/place-placeholder.jpg","4.7","0753 077 777","https://www.facebook.com/locandadelcorso","https://maps.google.com/?q=Locanda+del+Corso+Timisoara"
"merlot-timisoara","timisoara","restaurante","Merlot","Restaurant central, meniu premium și servicii bune.","Strada Mărășești 1-3, Timișoara","12:00 - 23:00","/images/place-placeholder.jpg","4.6","0733 991 123","https://www.facebook.com/merlottimisoara","https://maps.google.com/?q=Merlot+Timisoara"
"little-hanoi","timisoara","restaurante","Little Hanoi","Restaurant asiatic apreciat pentru gust și consistență.","Strada Vasile Alecsandri 8, Timișoara","12:00 - 22:30","/images/place-placeholder.jpg","4.7","0722 263 030","https://www.facebook.com/littlehanoitimisoara","https://maps.google.com/?q=Little+Hanoi+Timisoara"
"homemade-timisoara","timisoara","restaurante","Homemade","Loc popular pentru paste, burgeri și brunch.","Strada Eugeniu de Savoya 6, Timișoara","09:00 - 23:00","/images/place-placeholder.jpg","4.6","0758 061 061","https://www.homemade.ro","https://maps.google.com/?q=Homemade+Timisoara"
"vinto","timisoara","restaurante","Vinto Gastro Wine Bar","Meniu modern cu pairing de vinuri, apreciat local.","Strada Eugeniu de Savoya 7, Timișoara","12:00 - 00:00","/images/place-placeholder.jpg","4.7","0744 673 838","https://vinto.ro","https://maps.google.com/?q=Vinto+Timisoara"
"ovride-specialty","timisoara","cafenele","Ovride Specialty Coffee","Cafea de specialitate și ambient minimalist.","Piața Unirii 7, Timișoara","08:00 - 19:00","/images/place-placeholder.jpg","4.8","0743 542 018","https://www.instagram.com/ovridecoffee","https://maps.google.com/?q=Ovride+Specialty+Coffee+Timisoara"
"doppio-timisoara","timisoara","cafenele","Doppio","Specialty coffee și vibe urban central.","Strada Mercy 9, Timișoara","08:00 - 20:00","/images/place-placeholder.jpg","4.7","0742 516 110","https://www.facebook.com/doppiotimisoara","https://maps.google.com/?q=Doppio+Timisoara"
"garage-cafe","timisoara","cafenele","Garage Cafe","Cafenea populară pentru întâlniri și lucru remote.","Strada Florimund Mercy 4, Timișoara","08:00 - 22:00","/images/place-placeholder.jpg","4.6","0756 329 003","https://www.facebook.com/garagecafebar","https://maps.google.com/?q=Garage+Cafe+Timisoara"
"staftim","timisoara","cafenele","STAFTIM Coffee","Cafea bună, servire rapidă și locație centrală.","Strada Victor Vlad Delamarina 1, Timișoara","08:00 - 19:00","/images/place-placeholder.jpg","4.6","0740 730 555","https://www.facebook.com/staftim","https://maps.google.com/?q=STAFTIM+Coffee+Timisoara"
"scartz-cafe","timisoara","cafenele","Scârț Loc Lejer (Cafe)","Loc boem, preferat pentru cultură urbană și cafea.","Strada Arh. Laszlo Szekely 1, Timișoara","10:00 - 23:00","/images/place-placeholder.jpg","4.7","0735 420 111","https://www.facebook.com/scartloclejer","https://maps.google.com/?q=Scart+Loc+Lejer+Timisoara"
"primaria-timisoara","timisoara","institutii","Primăria Timișoara","Administrația locală a municipiului Timișoara.","Bd. C.D. Loga 1, Timișoara","L-J 08:30 - 16:30, V 08:30 - 14:00","/images/place-placeholder.jpg","4.3","0256 408 300","https://www.primariatm.ro","https://maps.google.com/?q=Primaria+Timisoara"
"consiliul-judetean-timis","timisoara","institutii","Consiliul Județean Timiș","Instituție administrativă județeană.","Bd. Revoluției din 1989 17, Timișoara","L-J 08:00 - 16:30, V 08:00 - 14:00","/images/place-placeholder.jpg","4.2","0256 406 300","https://www.cjtimis.ro","https://maps.google.com/?q=Consiliul+Judetean+Timis"
"prefectura-timis","timisoara","institutii","Prefectura Timiș","Instituția prefectului pentru servicii administrative.","Bd. Revoluției din 1989 17, Timișoara","L-V 08:30 - 16:30","/images/place-placeholder.jpg","4.1","0256 490 626","https://tm.prefectura.mai.gov.ro","https://maps.google.com/?q=Prefectura+Timis"
"spitalul-judetean-timisoara","timisoara","institutii","Spitalul Clinic Județean Timișoara","Spital regional important cu secții multiple.","Bd. Liviu Rebreanu 156, Timișoara","Non-stop (UPU)","/images/place-placeholder.jpg","4.2","0256 309 500","https://www.hosptm.ro","https://maps.google.com/?q=Spitalul+Judetean+Timisoara"
"taxe-impozite-timisoara","timisoara","institutii","Direcția Fiscală Timișoara","Gestionare taxe locale și relații cu contribuabili.","Strada Aristide Demetriade 1, Timișoara","L-J 08:30 - 16:30, V 08:30 - 14:00","/images/place-placeholder.jpg","4","0256 408 979","https://www.primariatm.ro","https://maps.google.com/?q=Directia+Fiscala+Timisoara"
"teatrul-national-timisoara","timisoara","cultural","Teatrul Național Timișoara","Teatru de referință cu producții apreciate.","Strada Mărășești 2, Timișoara","Program spectacole","/images/place-placeholder.jpg","4.8","0256 201 117","https://www.tntimisoara.com","https://maps.google.com/?q=Teatrul+National+Timisoara"
"opera-romana-timisoara","timisoara","cultural","Opera Națională Română Timișoara","Operă și balet în inima orașului.","Piața Victoriei 2, Timișoara","Program spectacole","/images/place-placeholder.jpg","4.8","0256 201 286","https://www.ort.ro","https://maps.google.com/?q=Opera+Timisoara"
"muzeul-national-al-banatului","timisoara","cultural","Muzeul Național al Banatului","Muzeu istoric important pentru regiunea Banat.","Castelul Huniade, Timișoara","Ma-D 10:00 - 18:00","/images/place-placeholder.jpg","4.7","0256 201 321","https://mnab.ro","https://maps.google.com/?q=Muzeul+National+al+Banatului"
"muzeul-de-arta-timisoara","timisoara","cultural","Muzeul de Artă Timișoara","Colecții de artă românească și europeană.","Piața Unirii 1, Timișoara","Ma-D 10:00 - 18:00","/images/place-placeholder.jpg","4.7","0256 491 592","https://muzeuldeartatm.ro","https://maps.google.com/?q=Muzeul+de+Arta+Timisoara"
"filarmonica-banatul","timisoara","cultural","Filarmonica Banatul","Concerte simfonice și evenimente de muzică clasică.","Bd. C.D. Loga 2, Timișoara","Program concerte","/images/place-placeholder.jpg","4.8","0256 494 414","https://filarmonicabanatul.ro","https://maps.google.com/?q=Filarmonica+Banatul"
"sala-olympia","timisoara","evenimente","Sala Olimpia","Arenă pentru sport și evenimente publice.","Aleea F.C. Ripensia 7, Timișoara","Program variabil","/images/place-placeholder.jpg","4.6","0256 406 710","https://www.primariatm.ro","https://maps.google.com/?q=Sala+Olimpia+Timisoara"
"iulius-congress-hall","timisoara","evenimente","Iulius Congress Hall","Loc pentru conferințe și evenimente corporate.","Piața Consiliul Europei 2, Timișoara","Program variabil","/images/place-placeholder.jpg","4.6","0256 490 888","https://iuliustown.ro","https://maps.google.com/?q=Iulius+Congress+Hall+Timisoara"
"piata-victoriei-events-tm","timisoara","evenimente","Piața Victoriei (Evenimente)","Concerte și evenimente urbane majore.","Piața Victoriei, Timișoara","Program variabil","/images/place-placeholder.jpg","4.7","0256 408 300","https://www.primariatm.ro","https://maps.google.com/?q=Piata+Victoriei+Timisoara"
"teatrul-national-events-tm","timisoara","evenimente","Teatrul Național (Evenimente)","Festivaluri și premiere teatrale pe tot anul.","Strada Mărășești 2, Timișoara","Program variabil","/images/place-placeholder.jpg","4.8","0256 201 117","https://www.tntimisoara.com","https://maps.google.com/?q=Teatrul+National+Timisoara"
"flight-festival","timisoara","evenimente","Flight Festival","Festival de muzică și tehnologie, foarte popular vara.","Muzeul Satului Bănățean, Timișoara","Sezonier","/images/place-placeholder.jpg","4.6","0740 300 111","https://flight-festival.com","https://maps.google.com/?q=Flight+Festival+Timisoara"
"sub-tampa","brasov","restaurante","Sub Tâmpa","Restaurant apreciat pentru priveliște și preparate locale.","Aleea Tiberiu Brediceanu 2, Brașov","11:00 - 23:00","/images/place-placeholder.jpg","4.7","0728 800 800","https://subtampa.ro","https://maps.google.com/?q=Sub+Tampa+Brasov"
"dei-frati","brasov","restaurante","Dei Frati","Restaurant italian foarte bine evaluat de localnici.","Strada Diaconu Coresi 2, Brașov","12:00 - 23:00","/images/place-placeholder.jpg","4.8","0722 363 200","https://www.facebook.com/deifratibv","https://maps.google.com/?q=Dei+Frati+Brasov"
"sergiana","brasov","restaurante","Sergiana","Meniu românesc tradițional, foarte popular.","Strada Mureșenilor 28, Brașov","10:00 - 23:00","/images/place-placeholder.jpg","4.6","0268 417 775","https://sergianagrup.ro","https://maps.google.com/?q=Sergiana+Brasov"
"la-ceaun","brasov","restaurante","La Ceaun","Loc central pentru mâncare românească autentică.","Piața Sfatului 11, Brașov","10:00 - 23:00","/images/place-placeholder.jpg","4.6","0749 665 665","https://www.facebook.com/laceaunbrasov","https://maps.google.com/?q=La+Ceaun+Brasov"
"bistro-del-arte","brasov","restaurante","Bistro de l'Arte","Bistro artistic cu atmosferă boemă și meniu creativ.","Piața Enescu George 11bis, Brașov","09:00 - 23:00","/images/place-placeholder.jpg","4.7","0268 475 475","https://www.bistrodelarte.ro","https://maps.google.com/?q=Bistro+de+l%27Arte+Brasov"
"croitoria-de-cafea","brasov","cafenele","Croitoria de Cafea","Specialty coffee, local foarte apreciat în centru.","Strada Michael Weiss 11, Brașov","08:00 - 20:00","/images/place-placeholder.jpg","4.8","0742 099 331","https://www.facebook.com/croitoriadecafea","https://maps.google.com/?q=Croitoria+de+Cafea+Brasov"
"tipografia","brasov","cafenele","Tipografia","Cafenea modernă, atmosferă bună pentru socializare.","Piața George Enescu 11, Brașov","09:00 - 23:00","/images/place-placeholder.jpg","4.7","0731 333 171","https://www.facebook.com/tipografiabv","https://maps.google.com/?q=Tipografia+Brasov"
"news-caffe","brasov","cafenele","News Caffe","Cafenea centrală cu terasă în piață.","Piața Sfatului 24, Brașov","08:00 - 23:00","/images/place-placeholder.jpg","4.6","0268 472 211","https://www.facebook.com/newscaffebrasov","https://maps.google.com/?q=News+Caffe+Brasov"
"cafeneaua-de-acasa","brasov","cafenele","Cafeneaua de Acasă","Loc cozy, bun pentru cafea și desert.","Strada Republicii 16, Brașov","09:00 - 21:00","/images/place-placeholder.jpg","4.6","0740 822 922","https://www.facebook.com/cafeneauadeacasa","https://maps.google.com/?q=Cafeneaua+de+Acasa+Brasov"
"book-coffee-shop","brasov","cafenele","Book Coffee Shop","Cafenea mică, liniștită, cu vibe relaxat.","Strada Postăvarului 31, Brașov","08:30 - 20:00","/images/place-placeholder.jpg","4.5","0741 600 118","https://www.facebook.com/bookcoffeeshopbv","https://maps.google.com/?q=Book+Coffee+Shop+Brasov"
"primaria-brasov","brasov","institutii","Primăria Brașov","Administrația locală a municipiului Brașov.","Bd. Eroilor 8, Brașov","L-J 08:00 - 16:30, V 08:00 - 14:00","/images/place-placeholder.jpg","4.3","0268 405 000","https://www.brasovcity.ro","https://maps.google.com/?q=Primaria+Brasov"
"consiliul-judetean-brasov","brasov","institutii","Consiliul Județean Brașov","Instituție administrativă la nivel județean.","Bd. Eroilor 5, Brașov","L-J 08:00 - 16:30, V 08:00 - 14:00","/images/place-placeholder.jpg","4.2","0268 410 777","https://cjbrasov.ro","https://maps.google.com/?q=Consiliul+Judetean+Brasov"
"prefectura-brasov","brasov","institutii","Prefectura Brașov","Instituția prefectului pentru servicii administrative.","Bd. Eroilor 5, Brașov","L-V 08:30 - 16:30","/images/place-placeholder.jpg","4.1","0268 410 210","https://bv.prefectura.mai.gov.ro","https://maps.google.com/?q=Prefectura+Brasov"
"spitalul-judetean-brasov","brasov","institutii","Spitalul Clinic Județean Brașov","Spital județean cu servicii medicale extinse.","Calea București 25-27, Brașov","Non-stop (UPU)","/images/place-placeholder.jpg","4.2","0268 320 022","https://www.hospbv.ro","https://maps.google.com/?q=Spitalul+Judetean+Brasov"
"taxe-impozite-brasov","brasov","institutii","Direcția Fiscală Brașov","Taxe locale și servicii pentru contribuabili.","Strada Dorobanților 4, Brașov","L-J 08:30 - 16:30, V 08:30 - 14:00","/images/place-placeholder.jpg","4","0268 416 550","https://www.brasovcity.ro","https://maps.google.com/?q=Directia+Fiscala+Brasov"
"teatrul-sica-alexandrescu","brasov","cultural","Teatrul Sică Alexandrescu","Teatru important cu repertoriu variat.","Strada Mureșenilor 1, Brașov","Program spectacole","/images/place-placeholder.jpg","4.8","0268 418 850","https://www.teatrulsicaalexandrescu.ro","https://maps.google.com/?q=Teatrul+Sica+Alexandrescu+Brasov"
"opera-brasov","brasov","cultural","Opera Brașov","Spectacole de operă, operetă și balet.","Strada Bisericii Române 51, Brașov","Program spectacole","/images/place-placeholder.jpg","4.8","0268 419 380","https://www.operabrasov.ro","https://maps.google.com/?q=Opera+Brasov"
"muzeul-de-arta-brasov","brasov","cultural","Muzeul de Artă Brașov","Colecții valoroase de artă românească.","Bd. Eroilor 21A, Brașov","Ma-D 10:00 - 18:00","/images/place-placeholder.jpg","4.7","0268 477 286","https://muzeuldeartabrasov.ro","https://maps.google.com/?q=Muzeul+de+Arta+Brasov"
"prima-scoala-romaneasca","brasov","cultural","Prima Școală Românească","Muzeu istoric foarte căutat de turiști.","Piața Unirii 2-3, Brașov","09:00 - 17:00","/images/place-placeholder.jpg","4.8","0268 511 820","https://www.primascoalabrasov.ro","https://maps.google.com/?q=Prima+Scoala+Romaneasca+Brasov"
"centrul-cultural-reduta","brasov","cultural","Centrul Cultural Reduta","Evenimente culturale și spectacole locale.","Strada Apollonia Hirscher 8, Brașov","Program evenimente","/images/place-placeholder.jpg","4.7","0268 419 706","https://centrulculturalreduta.ro","https://maps.google.com/?q=Centrul+Cultural+Reduta+Brasov"
"piata-sfatului-events","brasov","evenimente","Piața Sfatului (Evenimente)","Concerte, târguri și evenimente sezoniere în centru.","Piața Sfatului, Brașov","Program variabil","/images/place-placeholder.jpg","4.8","0268 405 000","https://www.brasovcity.ro","https://maps.google.com/?q=Piata+Sfatului+Brasov"
"parcul-nicolae-titulescu-events","brasov","evenimente","Parcul Nicolae Titulescu (Events)","Spațiu verde folosit pentru evenimente publice.","Bd. Eroilor, Brașov","Program variabil","/images/place-placeholder.jpg","4.6","0268 405 000","https://www.brasovcity.ro","https://maps.google.com/?q=Parcul+Nicolae+Titulescu+Brasov"
"olympia-brasov-events","brasov","evenimente","Centrul Sportiv Olimpia","Competiții sportive și activări locale.","Strada George Coșbuc 2, Brașov","Program variabil","/images/place-placeholder.jpg","4.5","0268 547 149","https://www.olympiabrasov.ro","https://maps.google.com/?q=Olimpia+Brasov"
"reduta-events","brasov","evenimente","Centrul Cultural Reduta (Events)","Festivaluri locale și evenimente culturale.","Strada Apollonia Hirscher 8, Brașov","Program variabil","/images/place-placeholder.jpg","4.7","0268 419 706","https://centrulculturalreduta.ro","https://maps.google.com/?q=Reduta+Brasov"
"junii-brasovului","brasov","evenimente","Parada Junilor Brașovului","Eveniment tradițional emblematic pentru Brașov.","Șcheii Brașovului","Sezonier","/images/place-placeholder.jpg","4.8","0268 472 050","https://www.brasovtourism.app","https://maps.google.com/?q=Junii+Brasovului"
